filename,mutant,treatment
...tmp_sorted_counts..1_DW1_S10_L006.sorted.bam,wt,dmso
...tmp_sorted_counts..2_EW1_S11_L006.sorted.bam,wt,e2
...tmp_sorted_counts..3_2D1_S12_L006.sorted.bam,sof2,dmso
...tmp_sorted_counts..4_2E1_S13_L006.sorted.bam,sof2,e2
...tmp_sorted_counts..5_DW2_S14_L006.sorted.bam,wt,dmso
...tmp_sorted_counts..6_EW2_S15_L006.sorted.bam,wt,e2
...tmp_sorted_counts..7_2D2_S16_L006.sorted.bam,sof2,dmso
...tmp_sorted_counts..8_2E2_S17_L006.sorted.bam,sof2,e2
...tmp_sorted_counts..SOF1_DMSO_U2OS_PRO_1_S3_L002.sorted.bam,sof1,dmso
...tmp_sorted_counts..SOF1_DMSO_U2OS_PRO_2_S7_L002.sorted.bam,sof1,dmso
...tmp_sorted_counts..SOF1_E2_U2OS_PRO_1_S4_L002.sorted.bam,sof1,e2
...tmp_sorted_counts..SOF1_E2_U2OS_PRO_2_S8_L002.sorted.bam,sof1,e2
...tmp_sorted_counts..U2OS_DMSO_DBM_1_S22_L007.sorted.bam,dbm,dmso
...tmp_sorted_counts..U2OS_DMSO_DBM_2_S26_L007.sorted.bam,dbm,dmso
...tmp_sorted_counts..U2OS_DMSO_SOF3_1_S20_L007.sorted.bam,sof3,dmso
...tmp_sorted_counts..U2OS_DMSO_SOF3_2_S24_L007.sorted.bam,sof3,dmso
...tmp_sorted_counts..U2OS_E2_DBM_1_S23_L007.sorted.bam,dbm,e2
...tmp_sorted_counts..U2OS_E2_DBM_2_S27_L007.sorted.bam,dbm,e2
...tmp_sorted_counts..U2OS_E2_SOF3_1_S21_L007.sorted.bam,sof3,e2
...tmp_sorted_counts..U2OS_E2_SOF3_2_S25_L007.sorted.bam,sof3,e2